date,symbol,price,daily_return
2024-07-18,Bitcoin,64136.31384360687,
2024-07-19,Bitcoin,63959.56900809379,-0.002755768533003966
2024-07-20,Bitcoin,66689.54880734957,0.04268289861225161
2024-07-21,Bitcoin,67206.06470614894,0.007745080121796422
2024-07-22,Bitcoin,68088.13996324532,0.013124935390178782
2024-07-23,Bitcoin,67607.71339918874,-0.007055950776683417
2024-07-24,Bitcoin,65942.41746522837,-0.02463174466687923
2024-07-25,Bitcoin,65403.53513022529,-0.00817201364034359
2024-07-26,Bitcoin,65749.96361965332,0.005296785391466274
2024-07-27,Bitcoin,67920.2964857025,0.03300888314713002
2024-07-28,Bitcoin,68055.40838968738,0.001989271410399507
2024-07-29,Bitcoin,68242.2474440493,0.0027453961232892787
2024-07-30,Bitcoin,66770.32091848266,-0.02156913906995006
2024-07-31,Bitcoin,66219.05102486102,-0.00825621153288536
2024-08-01,Bitcoin,64679.778647032515,-0.023245159119701153
2024-08-02,Bitcoin,65357.52960767435,0.010478560298426753
2024-08-03,Bitcoin,61407.29547397454,-0.060440383187860935
2024-08-04,Bitcoin,60738.7449250574,-0.010887151823849361
2024-08-05,Bitcoin,58006.206586686734,-0.044988389894164094
2024-08-06,Bitcoin,53956.26184159744,-0.06981916217942807
2024-08-07,Bitcoin,55959.84107399357,0.03713339590274356
2024-08-08,Bitcoin,55099.95181146735,-0.015366184857266152
2024-08-09,Bitcoin,61859.03159904161,0.12266943192076574
2024-08-10,Bitcoin,60912.588533350805,-0.015299998096081957
2024-08-11,Bitcoin,60887.70861641504,-0.00040845279333590057
2024-08-12,Bitcoin,58804.23449992608,-0.03421830388813907
2024-08-13,Bitcoin,59350.07433270696,0.009282321884175992
2024-08-14,Bitcoin,60601.22317789727,0.02108083029814889
2024-08-15,Bitcoin,58739.19382231015,-0.030725936836638712
2024-08-16,Bitcoin,57624.11692852191,-0.018983523968024274
2024-08-17,Bitcoin,58881.92579151217,0.021827820191161917
2024-08-18,Bitcoin,59430.79163445865,0.009321465552772246
2024-08-19,Bitcoin,58438.293742685404,-0.01670006177736627
2024-08-20,Bitcoin,59574.945812940874,0.019450466422930912
2024-08-21,Bitcoin,59060.12610074137,-0.008641547301041386
2024-08-22,Bitcoin,61144.68762866613,0.03529558207121042
2024-08-23,Bitcoin,60387.54062321362,-0.01238287469960897
2024-08-24,Bitcoin,64049.68561555576,0.06064404932785705
2024-08-25,Bitcoin,64157.1606134782,0.0016779941523450415
2024-08-26,Bitcoin,64265.81631272862,0.0016935864712752657
2024-08-27,Bitcoin,62922.58634676265,-0.02090115776993451
2024-08-28,Bitcoin,59526.560879590994,-0.05397148566742571
2024-08-29,Bitcoin,59015.29633887944,-0.008588847283580336
2024-08-30,Bitcoin,59351.5794909728,0.005698237117413463
2024-08-31,Bitcoin,59156.246036463555,-0.003291124788666333
2024-09-01,Bitcoin,58960.23658664587,-0.0033134193420060187
2024-09-02,Bitcoin,57357.71617282246,-0.027179680859461985
2024-09-03,Bitcoin,59108.73235863689,0.030527996974958116
2024-09-04,Bitcoin,57504.538586220435,-0.027139708608250213
2024-09-05,Bitcoin,57987.84601410068,0.008404683173930616
2024-09-06,Bitcoin,56132.404732088595,-0.03199707196506152
2024-09-07,Bitcoin,53923.35611071905,-0.03935424879644833
2024-09-08,Bitcoin,54150.9383589072,0.004220476331644907
2024-09-09,Bitcoin,54792.40755768575,0.0118459479783517
2024-09-10,Bitcoin,57049.118751143265,0.04118656751999139
2024-09-11,Bitcoin,57624.16178336144,0.010079788168623427
2024-09-12,Bitcoin,57381.764445000474,-0.004206522591552075
2024-09-13,Bitcoin,58106.951229815284,0.012637931088889554
2024-09-14,Bitcoin,60620.62747295754,0.04325947567272226
2024-09-15,Bitcoin,60003.29940083042,-0.010183465560505756
2024-09-16,Bitcoin,59214.80226801806,-0.013140896262138768
2024-09-17,Bitcoin,58211.123231286256,-0.0169497996833452
2024-09-18,Bitcoin,60317.0319794625,0.03617708491569527
2024-09-19,Bitcoin,61440.41208494509,0.01862459190407595
2024-09-20,Bitcoin,62966.52931910512,0.024838981093584955
2024-09-21,Bitcoin,63128.224540748255,0.0025679551245978427
2024-09-22,Bitcoin,63403.402349259355,0.004359029744824827
2024-09-23,Bitcoin,63582.59956924825,0.00282630290093544
2024-09-24,Bitcoin,63327.02654450202,-0.004019543498970712
2024-09-25,Bitcoin,64334.14274876097,0.01590341848043697
2024-09-26,Bitcoin,63151.89959401337,-0.018376605395435508
2024-09-27,Bitcoin,65130.76884023231,0.03133507082036435
2024-09-28,Bitcoin,65791.00212541742,0.010137041170275252
2024-09-29,Bitcoin,65934.10709441357,0.002175144995106626
2024-09-30,Bitcoin,65663.68986662335,-0.004101325394503363
2024-10-01,Bitcoin,63243.27532464382,-0.0368607756721544
2024-10-02,Bitcoin,60872.668543725544,-0.03748393435901842
2024-10-03,Bitcoin,60655.55979196848,-0.003566604799017714
2024-10-04,Bitcoin,60727.86395169296,0.001192045048672652
2024-10-05,Bitcoin,62103.01047283253,0.02264440788224431
2024-10-06,Bitcoin,62091.932585194016,-0.0001783792372410664
2024-10-07,Bitcoin,62811.79972811266,0.011593569614392951
2024-10-08,Bitcoin,62287.39010510681,-0.008348902997140861
2024-10-09,Bitcoin,62185.230423727575,-0.0016401342423698617
2024-10-10,Bitcoin,60597.15045618275,-0.025537896325601883
2024-10-11,Bitcoin,60195.18073772453,-0.006633475591379279
2024-10-12,Bitcoin,62392.34048293159,0.03650059221153068
2024-10-13,Bitcoin,63207.77062127557,0.013069394929447364
2024-10-14,Bitcoin,62829.533686088886,-0.005984025879554933
2024-10-15,Bitcoin,66049.99492708022,0.05125712466817767
2024-10-16,Bitcoin,66962.21994496793,0.013811129264957867
2024-10-17,Bitcoin,67647.54414766871,0.010234490482304848
2024-10-18,Bitcoin,67328.10527002988,-0.004722106052239328
2024-10-19,Bitcoin,68465.61920668735,0.016895083146856615
2024-10-20,Bitcoin,68388.87128965274,-0.0011209701734079536
2024-10-21,Bitcoin,68962.82918045693,0.008392562707655538
2024-10-22,Bitcoin,67394.85775735618,-0.022736471831771854
2024-10-23,Bitcoin,67351.04793512498,-0.0006500469574240997
2024-10-24,Bitcoin,66683.96806542306,-0.009904521015685952
2024-10-25,Bitcoin,68214.05205157402,0.02294530500419234
2024-10-26,Bitcoin,66585.66535501445,-0.023871719207186337
2024-10-27,Bitcoin,67018.1650170265,0.006495386953124127
2024-10-28,Bitcoin,67938.55412885673,0.013733427520678854
2024-10-29,Bitcoin,69845.304531169,0.02806580779885004
2024-10-30,Bitcoin,72781.11308158132,0.04203301238528079
2024-10-31,Bitcoin,72342.62171127986,-0.00602479615569973
2024-11-01,Bitcoin,70264.99735573279,-0.028719229499849952
2024-11-02,Bitcoin,69507.92256395647,-0.010774565150034165
2024-11-03,Bitcoin,69299.16036699413,-0.003003430245958727
2024-11-04,Bitcoin,68803.50626277467,-0.00715238253385142
2024-11-05,Bitcoin,67793.29782704762,-0.014682513880453385
2024-11-06,Bitcoin,69335.42553133758,0.02274749501380202
2024-11-07,Bitcoin,75620.88606963192,0.09065294530360246
2024-11-08,Bitcoin,75987.24178320667,0.004844636615834119
2024-11-09,Bitcoin,76550.0213845611,0.007406238049277425
2024-11-10,Bitcoin,76630.22631415377,0.0010477453584205598
2024-11-11,Bitcoin,80466.71654833542,0.05006497329726711
2024-11-12,Bitcoin,88637.42000322911,0.10154140501042619
2024-11-13,Bitcoin,88264.59974582895,-0.004206127134415483
2024-11-14,Bitcoin,90488.10007497849,0.025191303597959402
2024-11-15,Bitcoin,87407.51273710128,-0.03404411558342624
2024-11-16,Bitcoin,90947.97509443703,0.04050524087082219
2024-11-17,Bitcoin,90606.45489380708,-0.003755116046017859
2024-11-18,Bitcoin,89841.47194135105,-0.008442918921754639
2024-11-19,Bitcoin,90534.62459650292,0.007715286049680525
2024-11-20,Bitcoin,92251.65240738312,0.01896542696822001
2024-11-21,Bitcoin,94217.02229634205,0.021304441033531463
2024-11-22,Bitcoin,98509.11859102432,0.04555542289568737
2024-11-23,Bitcoin,98927.49494553401,0.0042470825086420305
2024-11-24,Bitcoin,97679.46381643033,-0.012615614393054253
2024-11-25,Bitcoin,98015.9355289458,0.0034446515098383035
2024-11-26,Bitcoin,93004.70093103287,-0.05112673333034734
2024-11-27,Bitcoin,91931.83077291827,-0.011535655159089053
2024-11-28,Bitcoin,95981.18057210564,0.04404730945900237
2024-11-29,Bitcoin,95661.59595817851,-0.003329659127156104
2024-11-30,Bitcoin,97453.2473451042,0.01872905599138197
2024-12-01,Bitcoin,96513.14234698225,-0.009646728290057194
2024-12-02,Bitcoin,97311.70719084324,0.008274156497671603
2024-12-03,Bitcoin,95833.1362300365,-0.01519417348117258
2024-12-04,Bitcoin,96031.63097759831,0.002071253799785344
2024-12-05,Bitcoin,98881.4694561823,0.029676039546269628
2024-12-06,Bitcoin,97201.50036407741,-0.016989726197883193
2024-12-07,Bitcoin,99973.85150659826,0.02852169083951117
2024-12-08,Bitcoin,99781.82999198174,-0.0019207173848239112
2024-12-09,Bitcoin,101235.3717025316,0.014567198363335976
2024-12-10,Bitcoin,97353.94700820887,-0.03834059804440537
2024-12-11,Bitcoin,96649.71446771531,-0.007233733835508183
2024-12-12,Bitcoin,101123.61811033697,0.04628987956416686
2024-12-13,Bitcoin,100000.80836535197,-0.011103338329527479
2024-12-14,Bitcoin,101352.22971292294,0.013514104232373425
2024-12-15,Bitcoin,101367.01064553364,0.00014583727119332757
2024-12-16,Bitcoin,104721.50151808978,0.03309253031330206
2024-12-17,Bitcoin,106074.10723541168,0.012916217755799098
2024-12-18,Bitcoin,106034.913402645,-0.00036949481629566794
2024-12-19,Bitcoin,100355.5761481501,-0.05356101186152562
2024-12-20,Bitcoin,97851.35377075805,-0.024953495097224887
2024-12-21,Bitcoin,97691.43431692653,-0.0016343100802281851
2024-12-22,Bitcoin,97202.82496847633,-0.005001557729872985
2024-12-23,Bitcoin,95094.27394862173,-0.02169228127411338
2024-12-24,Bitcoin,94644.91085464321,-0.004725448497785556
2024-12-25,Bitcoin,98695.71400782601,0.042800010234085084
2024-12-26,Bitcoin,99344.95417367229,0.0065782002022376496
2024-12-27,Bitcoin,95678.31244565405,-0.03690818279112906
2024-12-28,Bitcoin,94331.94727053077,-0.01407179057310426
2024-12-29,Bitcoin,95184.61945288602,0.009039060541280897
2024-12-30,Bitcoin,93663.44751964067,-0.015981278719071734
2024-12-31,Bitcoin,92627.28213113277,-0.01106264413650393
2025-01-01,Bitcoin,93507.85874741491,0.009506665811866322
2025-01-02,Bitcoin,94384.1761153871,0.009371590577636146
2025-01-03,Bitcoin,96852.14681235075,0.026148140488575944
2025-01-04,Bitcoin,98084.34279280754,0.012722443652634308
2025-01-05,Bitcoin,98256.73876849933,0.0017576299211787827
2025-01-06,Bitcoin,98364.58946599838,0.0010976417378674164
2025-01-07,Bitcoin,102229.39453189743,0.03929061349089458
2025-01-08,Bitcoin,96952.09886774956,-0.05162209644605942
2025-01-09,Bitcoin,95016.71440989176,-0.019962274983833184
2025-01-10,Bitcoin,92376.27578346101,-0.02778920154026998
2025-01-11,Bitcoin,94736.6267420969,0.02555148428118903
2025-01-12,Bitcoin,94559.55167224213,-0.0018691299864076472
2025-01-13,Bitcoin,94454.77089638807,-0.0011080929848023002
2025-01-14,Bitcoin,94456.3493746993,1.6711472552000117e-05
2025-01-15,Bitcoin,96574.07768799194,0.022420179557139264
2025-01-16,Bitcoin,100313.15239828422,0.03871716717163309
2025-01-17,Bitcoin,100044.57926776377,-0.0026773471284613493
2025-01-18,Bitcoin,104160.69358484233,0.041142802010911694
2025-01-19,Bitcoin,104334.61575724394,0.001669748601087706
2025-01-20,Bitcoin,101275.33714814208,-0.029321798780760466
2025-01-21,Bitcoin,101764.90860170545,0.004834063922663168
2025-01-22,Bitcoin,106182.2368201815,0.04340718504219265
2025-01-23,Bitcoin,103673.53509537787,-0.023626378572642937
2025-01-24,Bitcoin,104067.60991206947,0.0038011129487294237
2025-01-25,Bitcoin,104835.19253555956,0.007375807171305704
2025-01-26,Bitcoin,104796.04077738234,-0.00037346006842065016
2025-01-27,Bitcoin,102552.24874280207,-0.02141103822182311
2025-01-28,Bitcoin,101958.46953745594,-0.005790016431870826
2025-01-29,Bitcoin,101313.11264498268,-0.006329605528613502
2025-01-30,Bitcoin,103718.97939813645,0.023746844710855086
2025-01-31,Bitcoin,104781.5135100103,0.010244355642907044
2025-02-01,Bitcoin,102382.39409722165,-0.02289639968370427
2025-02-02,Bitcoin,100674.78762544956,-0.016678712065968604
2025-02-03,Bitcoin,97568.31653024875,-0.0308564951411483
2025-02-04,Bitcoin,101466.8606657039,0.0399570708411936
2025-02-05,Bitcoin,98118.43921664466,-0.033000148295620035
2025-02-06,Bitcoin,96582.88682919052,-0.01564998790964922
2025-02-07,Bitcoin,96635.41875332211,0.0005439050939168855
2025-02-08,Bitcoin,96558.4563096667,-0.0007964206566111187
2025-02-09,Bitcoin,96558.23762501091,-2.2647903057393393e-06
2025-02-10,Bitcoin,96548.57865379585,-0.00010003259641677698
2025-02-11,Bitcoin,97399.98161383197,0.008818389373592916
2025-02-12,Bitcoin,95739.97737079239,-0.017043167930165692
2025-02-13,Bitcoin,97836.18856127483,0.021894836911899418
2025-02-14,Bitcoin,96561.6639990985,-0.013027128109943664
2025-02-15,Bitcoin,97488.48148536457,0.009598192987589016
2025-02-16,Bitcoin,97569.95169430465,0.0008356906138937692
2025-02-17,Bitcoin,96149.3484548204,-0.014559843628242475
2025-02-18,Bitcoin,95776.15723852723,-0.0038813702046928134
2025-02-19,Bitcoin,95495.89153299287,-0.0029262575740679475
2025-02-20,Bitcoin,96554.87156259285,0.011089273188617854
2025-02-21,Bitcoin,98384.31738240314,0.018947214057701167
2025-02-22,Bitcoin,96135.15541305285,-0.02286098058299446
2025-02-23,Bitcoin,96564.15414290235,0.004462454218815859
2025-02-24,Bitcoin,96327.46309127835,-0.002451127478150239
2025-02-25,Bitcoin,91396.76686930266,-0.051186816965203774
2025-02-26,Bitcoin,88755.7693356979,-0.02889596234165903
2025-02-27,Bitcoin,83900.11496524839,-0.05470804215649505
2025-02-28,Bitcoin,84709.14477847965,0.00964277359532062
2025-03-01,Bitcoin,84441.9012237131,-0.0031548371249103813
2025-03-02,Bitcoin,86005.25629681018,0.01851397292625223
2025-03-03,Bitcoin,94261.53286538439,0.09599734858159392
2025-03-04,Bitcoin,86124.71418722175,-0.08632173094175011
2025-03-05,Bitcoin,87310.80531078295,0.013771785889272525
2025-03-06,Bitcoin,90604.08098523637,0.03771899323034544
2025-03-07,Bitcoin,90001.40087607042,-0.006651798711629353
2025-03-08,Bitcoin,86773.33597555371,-0.03586682950592812
2025-03-09,Bitcoin,86142.9833586432,-0.0072643584555524
2025-03-10,Bitcoin,80751.13893300897,-0.06259180046256474
2025-03-11,Bitcoin,78783.94057934263,-0.024361245917513652
2025-03-12,Bitcoin,82799.1080292053,0.050964288157419935
2025-03-13,Bitcoin,83884.24578828987,0.013105669673419973
2025-03-14,Bitcoin,81098.90052436228,-0.033204629042709044
2025-03-15,Bitcoin,83971.70916064628,0.03542352137586624
2025-03-16,Bitcoin,84391.69087647168,0.00500146680380098
2025-03-17,Bitcoin,82610.61750343916,-0.02110484284098013
2025-03-18,Bitcoin,84075.36559694471,0.017730748634636084
2025-03-19,Bitcoin,82780.03048688271,-0.015406832915503599
2025-03-20,Bitcoin,86815.44109470697,0.0487486001646702
2025-03-21,Bitcoin,84270.84358966233,-0.0293104253455182
2025-03-22,Bitcoin,84009.532917822,-0.0031008431945065418
2025-03-23,Bitcoin,83793.30854192551,-0.0025738076190472414
2025-03-24,Bitcoin,85787.70914901773,0.023801430469765128
2025-03-25,Bitcoin,87327.72969669085,0.017951528988820797
2025-03-26,Bitcoin,87520.58391530563,0.0022083961106582617
2025-03-27,Bitcoin,86960.8555491039,-0.0063953911315695056
2025-03-28,Bitcoin,87227.27158032371,0.0030636316712566725
2025-03-29,Bitcoin,84359.46915506005,-0.03287736017998477
2025-03-30,Bitcoin,82679.17255385047,-0.01991829273037571
2025-03-31,Bitcoin,82356.38111183756,-0.0039041445631627925
2025-04-01,Bitcoin,82514.09365397849,0.001915000878034645
2025-04-02,Bitcoin,85237.5876052852,0.03300640933811416
2025-04-03,Bitcoin,82526.4221526433,-0.03180715842401194
2025-04-04,Bitcoin,83163.98757387721,0.0077255914482110555
2025-04-05,Bitcoin,83852.00765399594,0.008273053038823308
2025-04-06,Bitcoin,83595.88550177493,-0.00305445462054843
2025-04-07,Bitcoin,78211.48358199988,-0.06440989155693222
2025-04-08,Bitcoin,79179.29226757778,0.012374253002926494
2025-04-09,Bitcoin,76329.090356324,-0.03599680964085705
2025-04-10,Bitcoin,82622.17029546302,0.08244667805893258
2025-04-11,Bitcoin,79596.35732250768,-0.03662228869242723
2025-04-12,Bitcoin,83439.28818043756,0.04828023526703795
2025-04-13,Bitcoin,85305.09728392666,0.02236127781260877
2025-04-14,Bitcoin,83600.82010054543,-0.01997860898873105
2025-04-15,Bitcoin,84523.4524914945,0.011036164356275968
2025-04-16,Bitcoin,83656.49248858042,-0.010257034909942009
2025-04-17,Bitcoin,84105.77942167096,0.005370616430659725
2025-04-18,Bitcoin,84930.90857600998,0.009810611827305804
2025-04-19,Bitcoin,84433.75017215389,-0.005853680505621295
2025-04-20,Bitcoin,85126.66244301842,0.008206579353063681
2025-04-21,Bitcoin,85073.16544858096,-0.000628439937643166
2025-04-22,Bitcoin,87452.04699068287,0.02796277215686449
2025-04-23,Bitcoin,93576.16588573981,0.07002830815051597
2025-04-24,Bitcoin,93605.45230873208,0.00031296882828080186
2025-04-25,Bitcoin,93872.81422867288,0.002856264387879559
2025-04-26,Bitcoin,94773.11200643536,0.009590612417023747
2025-04-27,Bitcoin,94644.06637120107,-0.0013616270744124526
2025-04-28,Bitcoin,93809.33781968223,-0.008819660687918618
2025-04-29,Bitcoin,95030.60645474444,0.01301862547425392
2025-04-30,Bitcoin,94256.35946318062,-0.008147343476467617
2025-05-01,Bitcoin,94235.75331048167,-0.00021861816875068385
2025-05-02,Bitcoin,96426.94522273027,0.023252235327595905
2025-05-03,Bitcoin,96855.5681343944,0.004445053306148861
2025-05-04,Bitcoin,95922.86842404422,-0.009629799590416765
2025-05-05,Bitcoin,94326.62048529249,-0.016640952934134923
2025-05-06,Bitcoin,94758.8237105546,0.004581985690131907
2025-05-07,Bitcoin,96854.53198815876,0.022116233565811383
2025-05-08,Bitcoin,97026.49376966801,0.0017754644824494736
2025-05-09,Bitcoin,103076.27555512934,0.0623518541216479
2025-05-10,Bitcoin,102962.54045692299,-0.0011034071380034982
2025-05-11,Bitcoin,104630.8792994166,0.016203357406392005
2025-05-12,Bitcoin,103994.061616746,-0.006086326397470643
2025-05-13,Bitcoin,102876.8304286011,-0.010743221014506421
2025-05-14,Bitcoin,104184.49039270742,0.01271092780228944
2025-05-15,Bitcoin,103594.42575090709,-0.005663651466510711
2025-05-16,Bitcoin,103708.85136423641,0.0011045537682159434
2025-05-17,Bitcoin,103556.03493982446,-0.0014735138071797493
2025-05-18,Bitcoin,103212.36483885496,-0.00331868732874141
2025-05-19,Bitcoin,106030.6376831359,0.027305573791290394
2025-05-20,Bitcoin,105629.41580436694,-0.003784018351072893
2025-05-21,Bitcoin,106786.71995834043,0.010956267675633846
2025-05-22,Bitcoin,109665.86371625263,0.026961627429285207
2025-05-23,Bitcoin,111560.356938144,0.01727514066540481
2025-05-24,Bitcoin,107216.66856870624,-0.0389357697362529
2025-05-25,Bitcoin,107831.36374380375,0.005733205324353063
2025-05-26,Bitcoin,108861.81037744327,0.009556093866045723
2025-05-27,Bitcoin,109377.71513263129,0.004739079328180296
2025-05-28,Bitcoin,109068.45694901445,-0.00282743320466905
2025-05-29,Bitcoin,107838.18431100152,-0.011279820696354359
2025-05-30,Bitcoin,105745.41660358038,-0.019406555486743637
2025-05-31,Bitcoin,104010.91956242644,-0.016402574190579222
2025-06-01,Bitcoin,104687.50742934884,0.006504969572125763
2025-06-02,Bitcoin,105710.00593822816,0.00976714924241917
2025-06-03,Bitcoin,105884.74263221149,0.0016529815927306402
2025-06-04,Bitcoin,105434.47745144971,-0.004252408511071004
2025-06-05,Bitcoin,104812.9182188067,-0.00589521803177917
2025-06-06,Bitcoin,101650.7387545425,-0.030169749282839997
2025-06-07,Bitcoin,104409.74967959142,0.0271420646701952
2025-06-08,Bitcoin,105681.4546141758,0.012179944291476064
2025-06-09,Bitcoin,105692.24740699006,0.00010212570269452215
2025-06-10,Bitcoin,110261.57485948496,0.04323238046873712
2025-06-11,Bitcoin,110212.73252109604,-0.00044296790111297835
2025-06-12,Bitcoin,108679.9760916168,-0.013907253675847775
2025-06-13,Bitcoin,105979.22902375912,-0.02485045695612742
2025-06-14,Bitcoin,106045.56440819203,0.0006259281657732263
2025-06-15,Bitcoin,105482.90611628917,-0.005305816372828787
2025-06-16,Bitcoin,105554.49383061715,0.0006786664964373301
2025-06-17,Bitcoin,106951.2720181497,0.013232768561933117
2025-06-18,Bitcoin,104683.42479835715,-0.021204490390798636
2025-06-19,Bitcoin,104722.695052907,0.0003751334523636185
2025-06-20,Bitcoin,104690.65002458123,-0.00030599888887106186
2025-06-21,Bitcoin,103290.105144757,-0.013377936611296048
2025-06-22,Bitcoin,101532.5683847329,-0.017015538492878735
2025-06-23,Bitcoin,100852.58264648831,-0.006697217937676414
2025-06-24,Bitcoin,105511.62437933135,0.04619655352975993
2025-06-25,Bitcoin,105976.06929808448,0.0044018364941798005
2025-06-26,Bitcoin,107238.53045016268,0.011912700295830136
2025-06-27,Bitcoin,106984.01253775663,-0.0023733812029841372
2025-06-28,Bitcoin,107078.91560644074,0.0008870771102422736
2025-06-29,Bitcoin,107331.58548463577,0.002359660412734277
2025-06-30,Bitcoin,108396.61631317894,0.009922809056944537
2025-07-01,Bitcoin,107132.79910701896,-0.011659194254814764
2025-07-02,Bitcoin,105613.39974163055,-0.014182392115701381
2025-07-03,Bitcoin,108824.44423167943,0.03040376029844971
2025-07-04,Bitcoin,109602.20483914016,0.007146929285528403
2025-07-05,Bitcoin,108040.8919400104,-0.014245269074844358
2025-07-06,Bitcoin,108217.46849992426,0.0016343493351749228
2025-07-07,Bitcoin,109215.19771840284,0.009219668804942183
2025-07-08,Bitcoin,108300.71675785031,-0.0083732024448685
2025-07-09,Bitcoin,108953.19187727802,0.006024661137622678
2025-07-10,Bitcoin,111327.53054245669,0.021792281843868055
2025-07-11,Bitcoin,115879.65030112496,0.04088943441471771
2025-07-12,Bitcoin,117571.02510036016,0.01459596050592138
2025-07-13,Bitcoin,117418.95745007684,-0.0012934109416288253
2025-07-14,Bitcoin,119117.55666327637,0.014466141158864687
2025-07-15,Bitcoin,119833.67446712355,0.006011857730355619
2025-07-16,Bitcoin,117678.19493404306,-0.017987260614893752
2025-07-17,Bitcoin,118748.1627367753,0.009092319977646923
2024-07-18,Ethereum,3389.441287038116,
2024-07-19,Ethereum,3428.5520187667257,0.011538990770595836
2024-07-20,Ethereum,3505.222536388452,0.022362360903978695
2024-07-21,Ethereum,3522.8013028122487,0.005015021511846296
2024-07-22,Ethereum,3533.118349531153,0.002928648490809982
2024-07-23,Ethereum,3443.073350817144,-0.025485984279569385
2024-07-24,Ethereum,3482.9837705931927,0.0115915101740649
2024-07-25,Ethereum,3336.3802530382436,-0.042091358217836605
2024-07-26,Ethereum,3173.7633983274727,-0.0487405038927099
2024-07-27,Ethereum,3278.1869575279507,0.032902124731638116
2024-07-28,Ethereum,3254.611672582785,-0.007191562058725176
2024-07-29,Ethereum,3272.8501306701373,0.005603881483310369
2024-07-30,Ethereum,3316.942188773212,0.013472067568840007
2024-07-31,Ethereum,3276.981779516743,-0.01204736380143201
2024-08-01,Ethereum,3233.076804863122,-0.01339799169102962
2024-08-02,Ethereum,3204.2465237463616,-0.008917289274846363
2024-08-03,Ethereum,2983.300976694291,-0.06895397885732713
2024-08-04,Ethereum,2906.7150241765007,-0.025671547428866126
2024-08-05,Ethereum,2682.4373928187924,-0.07715845189235504
2024-08-06,Ethereum,2415.6311394312143,-0.09946411204296901
2024-08-07,Ethereum,2455.51137665051,0.016509241236510208
2024-08-08,Ethereum,2341.590346028249,-0.04639401458512382
2024-08-09,Ethereum,2685.012750687489,0.14666203473282402
2024-08-10,Ethereum,2602.1840712761878,-0.030848523676505257
2024-08-11,Ethereum,2608.0357436286963,0.0022487541973303937
2024-08-12,Ethereum,2558.790870730736,-0.018881977755965562
2024-08-13,Ethereum,2726.777988551933,0.06565097591317559
2024-08-14,Ethereum,2703.5505587641255,-0.008518269505374154
2024-08-15,Ethereum,2662.780395092489,-0.015080229788738908
2024-08-16,Ethereum,2569.8604812159274,-0.034895823195864484
2024-08-17,Ethereum,2592.249006212312,0.008711961275730928
2024-08-18,Ethereum,2613.139261446099,0.008058737869596655
2024-08-19,Ethereum,2614.6012806263716,0.0005594876636858537
2024-08-20,Ethereum,2640.5904207330605,0.009940001291693257
2024-08-21,Ethereum,2575.643435503567,-0.024595630098310783
2024-08-22,Ethereum,2630.2988017642488,0.02122008252667773
2024-08-23,Ethereum,2623.289171364539,-0.0026649559339068096
2024-08-24,Ethereum,2763.2554073640704,0.053355244830567417
2024-08-25,Ethereum,2767.840733546234,0.001659392819767458
2024-08-26,Ethereum,2745.164671605207,-0.008192690304103523
2024-08-27,Ethereum,2683.0801154902983,-0.02261596790789433
2024-08-28,Ethereum,2457.2773517547434,-0.08415804001972271
2024-08-29,Ethereum,2527.0269814017706,0.028384923499668924
2024-08-30,Ethereum,2526.7383553003406,-0.00011421567856384485
2024-08-31,Ethereum,2527.690204915795,0.00037671079534540297
2024-09-01,Ethereum,2513.3643501004462,-0.0056675674841356605
2024-09-02,Ethereum,2430.0202661439344,-0.03316036688161872
2024-09-03,Ethereum,2534.9048168403706,0.043162006571604294
2024-09-04,Ethereum,2437.1471557556497,-0.03856462792420379
2024-09-05,Ethereum,2448.30785784089,0.004579412473671329
2024-09-06,Ethereum,2367.7700509506026,-0.03289529404251956
2024-09-07,Ethereum,2223.780428382685,-0.060812333744195035
2024-09-08,Ethereum,2272.6972849951912,0.021997161225167705
2024-09-09,Ethereum,2296.4029520764498,0.010430631143781621
2024-09-10,Ethereum,2359.565766831627,0.027505109544500694
2024-09-11,Ethereum,2389.4740111256497,0.012675317092001537
2024-09-12,Ethereum,2342.9639236941434,-0.01946457137217239
2024-09-13,Ethereum,2362.300238174588,0.008252928815889238
2024-09-14,Ethereum,2445.08621032297,0.03504464454203049
2024-09-15,Ethereum,2418.0828083179904,-0.011043946790494918
2024-09-16,Ethereum,2322.6433317480564,-0.03946906873562417
2024-09-17,Ethereum,2295.1348386540835,-0.011843614866717256
2024-09-18,Ethereum,2341.0924132597524,0.020023910504804787
2024-09-19,Ethereum,2361.960992100706,0.00891403462877216
2024-09-20,Ethereum,2465.2347833172967,0.043723749698652004
2024-09-21,Ethereum,2557.6218555442515,0.037475973019752695
2024-09-22,Ethereum,2614.599604753501,0.022277628370173996
2024-09-23,Ethereum,2582.847683741262,-0.012144085447925668
2024-09-24,Ethereum,2647.9931622033255,0.025222346200338253
2024-09-25,Ethereum,2653.844345308008,0.0022096669992206497
2024-09-26,Ethereum,2578.566359563475,-0.028365637147342193
2024-09-27,Ethereum,2630.94983700893,0.02031496193657123
2024-09-28,Ethereum,2698.1928212346033,0.025558444056888785
2024-09-29,Ethereum,2680.218702062471,-0.006661539913188297
2024-09-30,Ethereum,2659.611211611689,-0.007688734667407604
2024-10-01,Ethereum,2597.3411516834435,-0.02341321906614724
2024-10-02,Ethereum,2451.631522589772,-0.05609953432541237
2024-10-03,Ethereum,2365.231040243019,-0.035242034355751906
2024-10-04,Ethereum,2348.0048369247393,-0.007283095403867956
2024-10-05,Ethereum,2416.9184055552637,0.029349840999809418
2024-10-06,Ethereum,2415.4038137445546,-0.0006266623677604333
2024-10-07,Ethereum,2438.030912544012,0.009367832687313449
2024-10-08,Ethereum,2422.7506412955013,-0.00626746411207979
2024-10-09,Ethereum,2441.4651696200294,0.007724496283497473
2024-10-10,Ethereum,2367.615096789395,-0.03024825983576407
2024-10-11,Ethereum,2381.7817088014776,0.0059834945432191144
2024-10-12,Ethereum,2435.7137843692162,0.02264358457722704
2024-10-13,Ethereum,2477.6130275578225,0.01720203886741034
2024-10-14,Ethereum,2466.8607267086663,-0.0043397821732293895
2024-10-15,Ethereum,2628.504376157751,0.06552605410551604
2024-10-16,Ethereum,2602.0760435960988,-0.010054513434093693
2024-10-17,Ethereum,2611.700159182395,0.003698629642274298
2024-10-18,Ethereum,2603.1202923346113,-0.0032851653424371685
2024-10-19,Ethereum,2643.156520987104,0.015380091642475113
2024-10-20,Ethereum,2649.979289580214,0.0025812957117505864
2024-10-21,Ethereum,2742.9591411600395,0.035087010659073714
2024-10-22,Ethereum,2665.731938974013,-0.028154703811361204
2024-10-23,Ethereum,2619.5653130506435,-0.01731855527121684
2024-10-24,Ethereum,2524.1038563091197,-0.03644171659547324
2024-10-25,Ethereum,2536.234041319884,0.004805739264826414
2024-10-26,Ethereum,2422.09328922875,-0.045004029687943814
2024-10-27,Ethereum,2479.3736032443317,0.023649094884293564
2024-10-28,Ethereum,2505.502947138879,0.010538687618661502
2024-10-29,Ethereum,2564.8138556782997,0.02367225654519789
2024-10-30,Ethereum,2638.637351278122,0.028783178723236658
2024-10-31,Ethereum,2657.6141818494384,0.00719190553492477
2024-11-01,Ethereum,2514.750787241073,-0.05375625837041054
2024-11-02,Ethereum,2513.8372870612066,-0.00036325674277593034
2024-11-03,Ethereum,2491.352150058657,-0.008944547492505173
2024-11-04,Ethereum,2456.979687344711,-0.01379670983611736
2024-11-05,Ethereum,2395.9472139132804,-0.02484044688924103
2024-11-06,Ethereum,2422.368479855642,0.011027482487482532
2024-11-07,Ethereum,2720.6217450068793,0.1231246474809693
2024-11-08,Ethereum,2894.9718733838376,0.06408466325645623
2024-11-09,Ethereum,2960.9593369382137,0.022793818537948596
2024-11-10,Ethereum,3130.035524073996,0.05710182677166231
2024-11-11,Ethereum,3191.9044555518153,0.01976620744460167
2024-11-12,Ethereum,3372.7914863430115,0.056670565585561716
2024-11-13,Ethereum,3260.934386131155,-0.03316454653801881
2024-11-14,Ethereum,3191.8991843987947,-0.021170374364467115
2024-11-15,Ethereum,3059.812296932496,-0.041381910842267944
2024-11-16,Ethereum,3093.913043390382,0.011144718416901789
2024-11-17,Ethereum,3133.8802234191417,0.012918003663400457
2024-11-18,Ethereum,3075.534532601624,-0.018617715629814624
2024-11-19,Ethereum,3209.4239073326826,0.04353369253760264
2024-11-20,Ethereum,3112.9098010150224,-0.03007209677012468
2024-11-21,Ethereum,3075.193856649331,-0.012115977261337174
2024-11-22,Ethereum,3365.9369715466096,0.09454464611023461
2024-11-23,Ethereum,3327.7571951719624,-0.011342986127605315
2024-11-24,Ethereum,3394.036961782547,0.019917248381806862
2024-11-25,Ethereum,3368.7027619429946,-0.007464326442174984
2024-11-26,Ethereum,3417.291223691937,0.014423493309607904
2024-11-27,Ethereum,3325.636532587645,-0.026820860472427377
2024-11-28,Ethereum,3666.1884904377557,0.10240203777925494
2024-11-29,Ethereum,3579.2407862474997,-0.02371610309099903
2024-11-30,Ethereum,3598.1933212253616,0.005295127126032639
2024-12-01,Ethereum,3709.9094391073327,0.031047836485874614
2024-12-02,Ethereum,3708.8072387383017,-0.0002970963003604554
2024-12-03,Ethereum,3643.855375704235,-0.017512871080396897
2024-12-04,Ethereum,3625.7104579497204,-0.004979593283393591
2024-12-05,Ethereum,3839.443460715871,0.05894927497520386
2024-12-06,Ethereum,3796.8688671601276,-0.011088740853031132
2024-12-07,Ethereum,4013.726145388712,0.0571147663550422
2024-12-08,Ethereum,4000.992076502189,-0.00317263022569525
2024-12-09,Ethereum,4015.7820212328807,0.003696569362771962
2024-12-10,Ethereum,3713.3138979971745,-0.07531985591758927
2024-12-11,Ethereum,3626.5886417774996,-0.02335521816953079
2024-12-12,Ethereum,3828.1075883404096,0.05556708148298273
2024-12-13,Ethereum,3878.850012073054,0.013255224039991687
2024-12-14,Ethereum,3907.4296595053356,0.007368072326418007
2024-12-15,Ethereum,3866.9958020348054,-0.010347942507978214
2024-12-16,Ethereum,3961.3154661802305,0.024390940402830186
2024-12-17,Ethereum,3992.857195846062,0.007962438219101475
2024-12-18,Ethereum,3879.4062240100893,-0.02841348094141727
2024-12-19,Ethereum,3628.2624780444953,-0.0647376767122857
2024-12-20,Ethereum,3434.6754695380805,-0.05335529325065569
2024-12-21,Ethereum,3468.658920056454,0.009894224598443246
2024-12-22,Ethereum,3337.5972231166807,-0.03778454439032597
2024-12-23,Ethereum,3275.8894274015142,-0.018488688595427072
2024-12-24,Ethereum,3414.6414419807993,0.042355524401611166
2024-12-25,Ethereum,3497.555287927574,0.02428186014713085
2024-12-26,Ethereum,3494.5109273631047,-0.0008704252867646201
2024-12-27,Ethereum,3327.7897761683494,-0.04770943764670388
2024-12-28,Ethereum,3328.6111553091764,0.0002468242275126542
2024-12-29,Ethereum,3397.8341205085153,0.020796350780993844
2024-12-30,Ethereum,3357.330742971463,-0.011920351641824811
2024-12-31,Ethereum,3359.513941757392,0.0006502781385180345
2025-01-01,Ethereum,3336.6175137659498,-0.006815399009615253
2025-01-02,Ethereum,3348.967247123586,0.0037012733124741626
2025-01-03,Ethereum,3448.140436960939,0.029613066512529373
2025-01-04,Ethereum,3604.2913795931763,0.04528555187556771
2025-01-05,Ethereum,3660.37804173532,0.015561078790603755
2025-01-06,Ethereum,3635.8549961807084,-0.006699593669015069
2025-01-07,Ethereum,3687.1447140588307,0.014106645598352952
2025-01-08,Ethereum,3380.0211263090155,-0.08329577805253319
2025-01-09,Ethereum,3325.1300293537356,-0.01623986800793198
2025-01-10,Ethereum,3219.09284475812,-0.03188963549080359
2025-01-11,Ethereum,3269.1759954060667,0.015558156618409091
2025-01-12,Ethereum,3283.591322828503,0.0044094681481490205
2025-01-13,Ethereum,3264.070968533687,-0.0059448184550570105
2025-01-14,Ethereum,3134.5520394596483,-0.03968018168802934
2025-01-15,Ethereum,3224.8006483414138,0.028791549078037715
2025-01-16,Ethereum,3447.0340476747956,0.06891384106105325
2025-01-17,Ethereum,3309.4466139900196,-0.03991473010763724
2025-01-18,Ethereum,3477.284285084809,0.050714723840925346
2025-01-19,Ethereum,3309.0995676199964,-0.04836668609069761
2025-01-20,Ethereum,3208.1365439891497,-0.030510724010478274
2025-01-21,Ethereum,3263.069869880814,0.017123125882714918
2025-01-22,Ethereum,3326.0285404709143,0.01929430661942888
2025-01-23,Ethereum,3237.2996671291435,-0.026677123260406055
2025-01-24,Ethereum,3332.580893146162,0.029432315761337646
2025-01-25,Ethereum,3311.8499838687,-0.006220676989446172
2025-01-26,Ethereum,3320.1314101789453,0.0025005439106791094
2025-01-27,Ethereum,3232.2767744705584,-0.02646119230071431
2025-01-28,Ethereum,3173.5346079397173,-0.018173618978053918
2025-01-29,Ethereum,3076.4937692857234,-0.03057815673766784
2025-01-30,Ethereum,3114.4358854363104,0.012332908497778572
2025-01-31,Ethereum,3248.249484352305,0.042965597571531955
2025-02-01,Ethereum,3296.390634843652,0.014820644388079174
2025-02-02,Ethereum,3125.0386801320924,-0.05198168957899829
2025-02-03,Ethereum,2862.6976188716285,-0.08394810052379098
2025-02-04,Ethereum,2877.8138239498767,0.005280405788791187
2025-02-05,Ethereum,2740.3809762760143,-0.04775598981772633
2025-02-06,Ethereum,2790.5521609256075,0.018308105728340074
2025-02-07,Ethereum,2686.662316793651,-0.03722913536133188
2025-02-08,Ethereum,2623.4507017824767,-0.0235279344992686
2025-02-09,Ethereum,2635.6011418023404,0.004631472591273944
2025-02-10,Ethereum,2632.5358220552475,-0.0011630438682375122
2025-02-11,Ethereum,2660.2967996436387,0.010545337068468719
2025-02-12,Ethereum,2603.0333698049267,-0.021525203445864616
2025-02-13,Ethereum,2736.2703136032396,0.05118526152751457
2025-02-14,Ethereum,2675.7090007037627,-0.022132796090502893
2025-02-15,Ethereum,2724.6698335873957,0.01829826519653488
2025-02-16,Ethereum,2692.8213863864253,-0.011688919812731124
2025-02-17,Ethereum,2659.9017474093457,-0.012224961946419866
2025-02-18,Ethereum,2741.9050800956124,0.03082945930846326
2025-02-19,Ethereum,2669.4945006896073,-0.02640885708686902
2025-02-20,Ethereum,2714.8018364720533,0.0169722529005929
2025-02-21,Ethereum,2741.5933625994785,0.009868685724126802
2025-02-22,Ethereum,2658.3470942919384,-0.03036419238650656
2025-02-23,Ethereum,2764.355233404291,0.03987746345839316
2025-02-24,Ethereum,2827.1844084879804,0.022728328951527432
2025-02-25,Ethereum,2503.103420098605,-0.11463029698961114
2025-02-26,Ethereum,2495.315451693047,-0.0031113250627299305
2025-02-27,Ethereum,2325.853934699374,-0.0679118613555233
2025-02-28,Ethereum,2305.3229378029837,-0.00882729417788819
2025-03-01,Ethereum,2235.204208608959,-0.0304160115896166
2025-03-02,Ethereum,2212.8243514969954,-0.01001244406473778
2025-03-03,Ethereum,2517.3382391622977,0.1376132215190491
2025-03-04,Ethereum,2148.199533470228,-0.14663850091710728
2025-03-05,Ethereum,2171.496943535016,0.01084508664199979
2025-03-06,Ethereum,2241.3841149187283,0.03218386817986585
2025-03-07,Ethereum,2202.3207363495417,-0.017428239233596488
2025-03-08,Ethereum,2140.7498089428914,-0.027957293590536336
2025-03-09,Ethereum,2199.9995000805707,0.027677074121490675
2025-03-10,Ethereum,2017.265460184326,-0.08306094610001158
2025-03-11,Ethereum,1879.1231054991026,-0.06848000791755027
2025-03-12,Ethereum,1921.3099227587034,0.02245026796602323
2025-03-13,Ethereum,1910.6551381032464,-0.0055455835257220976
2025-03-14,Ethereum,1862.7949366490388,-0.025049105147106454
2025-03-15,Ethereum,1910.6662703455045,0.025698659983788064
2025-03-16,Ethereum,1939.7856881721348,0.015240452128442383
2025-03-17,Ethereum,1887.7643429692785,-0.026818088987900612
2025-03-18,Ethereum,1929.1833577618722,0.021940776107385096
2025-03-19,Ethereum,1932.7964059050657,0.0018728381253430015
2025-03-20,Ethereum,2060.728601068271,0.06619020750056648
2025-03-21,Ethereum,1980.831780524645,-0.03877115137927811
2025-03-22,Ethereum,1964.5293833168294,-0.008230076560816202
2025-03-23,Ethereum,1979.5449257665966,0.0076433280037866425
2025-03-24,Ethereum,2001.0470230951883,0.010862141620890275
2025-03-25,Ethereum,2077.739325831977,0.03832608721916109
2025-03-26,Ethereum,2068.598435049149,-0.004399440617589456
2025-03-27,Ethereum,2009.8835432902426,-0.028383900308573518
2025-03-28,Ethereum,2003.3034241292064,-0.0032738808091659077
2025-03-29,Ethereum,1896.9173600459985,-0.05310531734824531
2025-03-30,Ethereum,1829.2745211803463,-0.035659349368815985
2025-03-31,Ethereum,1805.3378779435934,-0.013085320415061386
2025-04-01,Ethereum,1824.2071367609847,0.010451926505239406
2025-04-02,Ethereum,1907.1671522994227,0.04547730017422236
2025-04-03,Ethereum,1795.761850567479,-0.058414020814916534
2025-04-04,Ethereum,1818.2844199542053,0.012542069194536598
2025-04-05,Ethereum,1814.4807753449506,-0.002091886487896377
2025-04-06,Ethereum,1809.935827172196,-0.00250482024087062
2025-04-07,Ethereum,1574.6321611455576,-0.13000663476244445
2025-04-08,Ethereum,1555.909812570873,-0.011889982331533155
2025-04-09,Ethereum,1471.3608854365523,-0.05434050640417154
2025-04-10,Ethereum,1662.5331604641576,0.12992888211166798
2025-04-11,Ethereum,1523.928624242526,-0.08336948670722155
2025-04-12,Ethereum,1568.131690125936,0.029005994887314035
2025-04-13,Ethereum,1645.8625733156498,0.04956910422712735
2025-04-14,Ethereum,1595.4227460001084,-0.030646439218754762
2025-04-15,Ethereum,1621.543195596693,0.016372118087241372
2025-04-16,Ethereum,1587.8222244021401,-0.02079560463521557
2025-04-17,Ethereum,1577.7073516760117,-0.006370280356755242
2025-04-18,Ethereum,1583.4764497002345,0.0036566337971957186
2025-04-19,Ethereum,1589.1516208270755,0.0035839946517142174
2025-04-20,Ethereum,1615.0502549158562,0.016297144809443553
2025-04-21,Ethereum,1585.4600253443446,-0.018321553451012162
2025-04-22,Ethereum,1577.4465595922347,-0.005054347396976744
2025-04-23,Ethereum,1759.7064599311093,0.1155410934402672
2025-04-24,Ethereum,1793.969849485534,0.019471082441651077
2025-04-25,Ethereum,1769.3925107354407,-0.013699973138980859
2025-04-26,Ethereum,1788.7981804331257,0.010967419371306741
2025-04-27,Ethereum,1821.2695303291391,0.018152606734064936
2025-04-28,Ethereum,1793.6918440730135,-0.015142012643862612
2025-04-29,Ethereum,1799.50191449199,0.0032391686666664032
2025-04-30,Ethereum,1796.9720456768928,-0.0014058716996760978
2025-05-01,Ethereum,1794.0495408617828,-0.0016263496263845267
2025-05-02,Ethereum,1838.8543285925753,0.0249741084124524
2025-05-03,Ethereum,1841.427590836958,0.0013993834119270243
2025-05-04,Ethereum,1834.501911876416,-0.003761037900705144
2025-05-05,Ethereum,1808.156093844096,-0.01436129221875393
2025-05-06,Ethereum,1820.0044598893596,0.006552734072905464
2025-05-07,Ethereum,1816.1686943818438,-0.0021075583011203047
2025-05-08,Ethereum,1810.3169269284476,-0.003222039599899529
2025-05-09,Ethereum,2197.5611893238784,0.21390965119707817
2025-05-10,Ethereum,2341.407963002621,0.06545746001411668
2025-05-11,Ethereum,2583.6829051429513,0.10347404039304497
2025-05-12,Ethereum,2507.4693107597423,-0.029498044915458488
2025-05-13,Ethereum,2492.426391077375,-0.00599924378648109
2025-05-14,Ethereum,2676.639163127913,0.0739090120013175
2025-05-15,Ethereum,2603.7180887199615,-0.027243520685371725
2025-05-16,Ethereum,2542.296692466797,-0.023589879610722564
2025-05-17,Ethereum,2544.3870377235667,0.0008222271078601739
2025-05-18,Ethereum,2475.0543933696913,-0.027249252305540095
2025-05-19,Ethereum,2465.3409856139087,-0.003924522944547593
2025-05-20,Ethereum,2526.989643891319,0.02500613855736411
2025-05-21,Ethereum,2524.2743433146065,-0.0010745198672563738
2025-05-22,Ethereum,2558.9502343769486,0.013736974015593484
2025-05-23,Ethereum,2657.1674447566115,0.038381836840831296
2025-05-24,Ethereum,2519.813809045145,-0.05169175016896532
2025-05-25,Ethereum,2529.4429842284353,0.003821383607283124
2025-05-26,Ethereum,2546.6201163370915,0.006790875388676065
2025-05-27,Ethereum,2562.1729286392238,0.006107236883254652
2025-05-28,Ethereum,2662.0940568241435,0.03899858868542028
2025-05-29,Ethereum,2676.2674124507,0.005324137811819174
2025-05-30,Ethereum,2633.1392065286695,-0.01611505850326711
2025-05-31,Ethereum,2524.4762348050726,-0.04126746183953178
2025-06-01,Ethereum,2532.3627853090866,0.003124034362170569
2025-06-02,Ethereum,2538.3300584367485,0.0023564053153362075
2025-06-03,Ethereum,2609.737253959435,0.02813156440603448
2025-06-04,Ethereum,2595.4689570062997,-0.005467330832438222
2025-06-05,Ethereum,2610.343189828259,0.005730845973636933
2025-06-06,Ethereum,2421.601103763502,-0.07230546803203086
2025-06-07,Ethereum,2481.4039836690267,0.02469559491552209
2025-06-08,Ethereum,2526.291995889778,0.018089763906310452
2025-06-09,Ethereum,2508.784123584585,-0.0069302647254069205
2025-06-10,Ethereum,2685.0001850413178,0.070239627156502
2025-06-11,Ethereum,2808.503208314919,0.04599739842166928
2025-06-12,Ethereum,2776.1371915822333,-0.011524294021406867
2025-06-13,Ethereum,2653.158968452672,-0.044298323405073115
2025-06-14,Ethereum,2577.04861752583,-0.02868669078326269
2025-06-15,Ethereum,2534.0702195359518,-0.01667737181890694
2025-06-16,Ethereum,2547.8456040920437,0.005436070575271845
2025-06-17,Ethereum,2561.329843569428,0.005292408400150883
2025-06-18,Ethereum,2514.986700576147,-0.018093391255183944
2025-06-19,Ethereum,2521.3334233964915,0.0025235611857870044
2025-06-20,Ethereum,2522.1791903642184,0.00033544431683596443
2025-06-21,Ethereum,2405.695434213183,-0.04618377496573289
2025-06-22,Ethereum,2270.581996055585,-0.05616398328568506
2025-06-23,Ethereum,2227.4287266371684,-0.019005378133615802
2025-06-24,Ethereum,2423.899644268608,0.08820525446309513
2025-06-25,Ethereum,2446.539301545049,0.009340179297428142
2025-06-26,Ethereum,2417.2267855277296,-0.011981216078894796
2025-06-27,Ethereum,2415.031864876594,-0.0009080325703308967
2025-06-28,Ethereum,2423.0302896731746,0.0033119334419171587
2025-06-29,Ethereum,2437.133001780241,0.005820278915691368
2025-06-30,Ethereum,2502.6672721177083,0.026889903131916304
2025-07-01,Ethereum,2488.190781689803,-0.005784424717256043
2025-07-02,Ethereum,2405.1045592800183,-0.033392223386246256
2025-07-03,Ethereum,2574.067718495133,0.0702518975997013
2025-07-04,Ethereum,2590.132231590221,0.00624090538864297
2025-07-05,Ethereum,2509.236345783362,-0.031232338187302755
2025-07-06,Ethereum,2517.37917835065,0.003245143719112553
2025-07-07,Ethereum,2571.358192115984,0.021442543987632456
2025-07-08,Ethereum,2543.6317028067488,-0.01078281874312459
2025-07-09,Ethereum,2615.7759888945047,0.0283627091171057
2025-07-10,Ethereum,2772.5795626609174,0.05994533722770434
2025-07-11,Ethereum,2948.4462027029053,0.06343069191248163
2025-07-12,Ethereum,2958.8514450990992,0.0035290596066006596
2025-07-13,Ethereum,2942.9616055388096,-0.005370272842392554
2025-07-14,Ethereum,2974.2654952333387,0.010636866493811459
2025-07-15,Ethereum,3012.1797069059276,0.012747420071729243
2025-07-16,Ethereum,3133.069857747011,0.04013377773043314
2025-07-17,Ethereum,3368.126521526108,0.07502439283244255
2024-07-17,S&P 500,5588.27001953125,
2024-07-18,S&P 500,5544.58984375,-0.007816403936922511
2024-07-19,S&P 500,5505.0,-0.007140265531926926
2024-07-22,S&P 500,5564.41015625,0.01079203564940956
2024-07-23,S&P 500,5555.740234375,-0.001558102589770738
2024-07-24,S&P 500,5427.1298828125,-0.02314909375473495
2024-07-25,S&P 500,5399.22021484375,-0.005142620237842288
2024-07-26,S&P 500,5459.10009765625,0.011090468702846357
2024-07-29,S&P 500,5463.5400390625,0.0008133101292933098
2024-07-30,S&P 500,5436.43994140625,-0.004960171878030217
2024-07-31,S&P 500,5522.2998046875,0.0157933986591674
2024-08-01,S&P 500,5446.68017578125,-0.013693502993456064
2024-08-02,S&P 500,5346.56005859375,-0.018381860868696753
2024-08-05,S&P 500,5186.330078125,-0.02996879838863975
2024-08-06,S&P 500,5240.02978515625,0.010354085880061037
2024-08-07,S&P 500,5199.5,-0.007734647858502863
2024-08-08,S&P 500,5319.31005859375,0.023042611519136447
2024-08-09,S&P 500,5344.16015625,0.004671676849538509
2024-08-12,S&P 500,5344.39013671875,4.303397765514916e-05
2024-08-13,S&P 500,5434.43017578125,0.016847579753558328
2024-08-14,S&P 500,5455.2099609375,0.0038237284285767004
2024-08-15,S&P 500,5543.22021484375,0.016133247764330783
2024-08-16,S&P 500,5554.25,0.001989779357261412
2024-08-19,S&P 500,5608.25,0.009722284736913167
2024-08-20,S&P 500,5597.1201171875,-0.0019845553982971165
2024-08-21,S&P 500,5620.85009765625,0.004239676828782013
2024-08-22,S&P 500,5570.64013671875,-0.008932805548120926
2024-08-23,S&P 500,5634.60986328125,0.01148337085011919
2024-08-26,S&P 500,5616.83984375,-0.0031537266931381813
2024-08-27,S&P 500,5625.7998046875,0.0015951960865450143
2024-08-28,S&P 500,5592.18017578125,-0.00597597320797616
2024-08-29,S&P 500,5591.9599609375,-3.937906806072977e-05
2024-08-30,S&P 500,5648.39990234375,0.010093051774424433
2024-09-03,S&P 500,5528.93017578125,-0.02115107439771169
2024-09-04,S&P 500,5520.06982421875,-0.0016025435809103872
2024-09-05,S&P 500,5503.41015625,-0.003018017615584734
2024-09-06,S&P 500,5408.419921875,-0.01726024985928465
2024-09-09,S&P 500,5471.0498046875,0.0115800702824842
2024-09-10,S&P 500,5495.52001953125,0.004472672652839682
2024-09-11,S&P 500,5554.1298828125,0.010665025888896507
2024-09-12,S&P 500,5595.759765625,0.007495302358939249
2024-09-13,S&P 500,5626.02001953125,0.005407711405364557
2024-09-16,S&P 500,5633.08984375,0.0012566297656613212
2024-09-17,S&P 500,5634.580078125,0.00026455008109871336
2024-09-18,S&P 500,5618.259765625,-0.002896455862498093
2024-09-19,S&P 500,5713.64013671875,0.01697685316676334
2024-09-20,S&P 500,5702.5498046875,-0.0019410273951238066
2024-09-23,S&P 500,5718.56982421875,0.0028092730585327352
2024-09-24,S&P 500,5732.93017578125,0.0025111788443470395
2024-09-25,S&P 500,5722.259765625,-0.0018612489301417234
2024-09-26,S&P 500,5745.3701171875,0.00403867571712313
2024-09-27,S&P 500,5738.169921875,-0.0012532169669905446
2024-09-30,S&P 500,5762.47998046875,0.004236552581176722
2024-10-01,S&P 500,5708.75,-0.009324107094664358
2024-10-02,S&P 500,5709.5400390625,0.00013839090212397487
2024-10-03,S&P 500,5699.93994140625,-0.001681413492255035
2024-10-04,S&P 500,5751.06982421875,0.008970249395274354
2024-10-07,S&P 500,5695.93994140625,-0.009586022165882668
2024-10-08,S&P 500,5751.1298828125,0.009689347495581924
2024-10-09,S&P 500,5792.0400390625,0.007113411987488272
2024-10-10,S&P 500,5780.0498046875,-0.002070122839989974
2024-10-11,S&P 500,5815.02978515625,0.006051847587953629
2024-10-14,S&P 500,5859.85009765625,0.0077076668832223305
2024-10-15,S&P 500,5815.259765625,-0.007609466332438197
2024-10-16,S&P 500,5842.47021484375,0.004679145956573816
2024-10-17,S&P 500,5841.47021484375,-0.00017116047891174713
2024-10-18,S&P 500,5864.669921875,0.00397155273894878
2024-10-21,S&P 500,5853.97998046875,-0.0018227694906369774
2024-10-22,S&P 500,5851.2001953125,-0.0004748538883844189
2024-10-23,S&P 500,5797.419921875,-0.009191323428069387
2024-10-24,S&P 500,5809.85986328125,0.002145772011323821
2024-10-25,S&P 500,5808.1201171875,-0.00029944716993013376
2024-10-28,S&P 500,5823.52001953125,0.0026514435020339455
2024-10-29,S&P 500,5832.919921875,0.001614127248163344
2024-10-30,S&P 500,5813.669921875,-0.003300233889343751
2024-10-31,S&P 500,5705.4501953125,-0.018614700871699585
2024-11-01,S&P 500,5728.7998046875,0.004092509543626166
2024-11-04,S&P 500,5712.68994140625,-0.002812083478299976
2024-11-05,S&P 500,5782.759765625,0.012265644545291332
2024-11-06,S&P 500,5929.0400390625,0.025295927786425976
2024-11-07,S&P 500,5973.10009765625,0.007431229727488331
2024-11-08,S&P 500,5995.5400390625,0.0037568333092317108
2024-11-11,S&P 500,6001.35009765625,0.0009690634297987444
2024-11-12,S&P 500,5983.990234375,-0.00289265965137242
2024-11-13,S&P 500,5985.3798828125,0.00023222772482434095
2024-11-14,S&P 500,5949.169921875,-0.006049734794859041
2024-11-15,S&P 500,5870.6201171875,-0.013203489851361216
2024-11-18,S&P 500,5893.6201171875,0.003917814394541086
2024-11-19,S&P 500,5916.97998046875,0.003963584828470035
2024-11-20,S&P 500,5917.10986328125,2.195086225209586e-05
2024-11-21,S&P 500,5948.7099609375,0.0053404615405816536
2024-11-22,S&P 500,5969.33984375,0.003467959094991535
2024-11-25,S&P 500,5987.3701171875,0.003020480305938378
2024-11-26,S&P 500,6021.6298828125,0.005722005647630368
2024-11-27,S&P 500,5998.740234375,-0.003801238017440034
2024-11-29,S&P 500,6032.3798828125,0.005607785488815242
2024-12-02,S&P 500,6047.14990234375,0.0024484564662998753
2024-12-03,S&P 500,6049.8798828125,0.0004514491145146682
2024-12-04,S&P 500,6086.490234375,0.006051417924264779
2024-12-05,S&P 500,6075.10986328125,-0.0018697756269248078
2024-12-06,S&P 500,6090.27001953125,0.0024954538421815275
2024-12-09,S&P 500,6052.85009765625,-0.006144213927296471
2024-12-10,S&P 500,6034.91015625,-0.002963883313944371
2024-12-11,S&P 500,6084.18994140625,0.008165786048233592
2024-12-12,S&P 500,6051.25,-0.005414022527810203
2024-12-13,S&P 500,6051.08984375,-2.6466639124200775e-05
2024-12-16,S&P 500,6074.080078125,0.0037993543260221863
2024-12-17,S&P 500,6050.60986328125,-0.003863994965801476
2024-12-18,S&P 500,5872.16015625,-0.02949284635160343
2024-12-19,S&P 500,5867.080078125,-0.0008651123249070469
2024-12-20,S&P 500,5930.85009765625,0.010869123768910471
2024-12-23,S&P 500,5974.06982421875,0.007287273468533639
2024-12-24,S&P 500,6040.0400390625,0.01104275925539211
2024-12-26,S&P 500,6037.58984375,-0.00040565878647391695
2024-12-27,S&P 500,5970.83984375,-0.011055736101235558
2024-12-30,S&P 500,5906.93994140625,-0.010701995701766776
2024-12-31,S&P 500,5881.6298828125,-0.004284800394927402
2025-01-02,S&P 500,5868.5498046875,-0.0022238866412221947
2025-01-03,S&P 500,5942.47021484375,0.01259602672149196
2025-01-06,S&P 500,5975.3798828125,0.005538045085450305
2025-01-07,S&P 500,5909.02978515625,-0.01110391288210788
2025-01-08,S&P 500,5918.25,0.001560360190925314
2025-01-10,S&P 500,5827.0400390625,-0.01541164380306681
2025-01-13,S&P 500,5836.22021484375,0.0015754440882007614
2025-01-14,S&P 500,5842.91015625,0.0011462798112440442
2025-01-15,S&P 500,5949.91015625,0.018312792279639112
2025-01-16,S&P 500,5937.33984375,-0.0021126894641922966
2025-01-17,S&P 500,5996.66015625,0.009991058969353706
2025-01-21,S&P 500,6049.240234375,0.008768227105582893
2025-01-22,S&P 500,6086.3701171875,0.006137941522227575
2025-01-23,S&P 500,6118.7099609375,0.00531348622041139
2025-01-24,S&P 500,6101.240234375,-0.002855132319398823
2025-01-27,S&P 500,6012.27978515625,-0.014580715690809543
2025-01-28,S&P 500,6067.7001953125,0.009217869449967608
2025-01-29,S&P 500,6039.31005859375,-0.004678895760321544
2025-01-30,S&P 500,6071.169921875,0.005275414405311762
2025-01-31,S&P 500,6040.52978515625,-0.005046825754019935
2025-02-03,S&P 500,5994.56982421875,-0.007608597684666707
2025-02-04,S&P 500,6037.8798828125,0.007224881828679752
2025-02-05,S&P 500,6061.47998046875,0.003908672930614365
2025-02-06,S&P 500,6083.56982421875,0.003644298722618622
2025-02-07,S&P 500,6025.990234375,-0.009464770111542897
2025-02-10,S&P 500,6066.43994140625,0.006712541085862833
2025-02-11,S&P 500,6068.5,0.00033958278885926063
2025-02-12,S&P 500,6051.97021484375,-0.0027238667143857365
2025-02-13,S&P 500,6115.06982421875,0.010426292122230674
2025-02-14,S&P 500,6114.6298828125,-7.194380749464546e-05
2025-02-18,S&P 500,6129.580078125,0.0024449877750611915
2025-02-19,S&P 500,6144.14990234375,0.0023769693899173827
2025-02-20,S&P 500,6117.52001953125,-0.0043341850761716705
2025-02-21,S&P 500,6013.1298828125,-0.01706412670256352
2025-02-24,S&P 500,5983.25,-0.00496910650440241
2025-02-25,S&P 500,5955.25,-0.004679730915472358
2025-02-26,S&P 500,5956.06005859375,0.00013602428004699796
2025-02-27,S&P 500,5861.56982421875,-0.015864553655509872
2025-02-28,S&P 500,5954.5,0.01585414463498891
2025-03-03,S&P 500,5849.72021484375,-0.0175967394669998
2025-03-04,S&P 500,5778.14990234375,-0.012234826602200433
2025-03-05,S&P 500,5842.6298828125,0.011159277893187936
2025-03-06,S&P 500,5738.52001953125,-0.017819007085749905
2025-03-07,S&P 500,5770.2001953125,0.00552061780274804
2025-03-10,S&P 500,5614.56005859375,-0.0269730913054258
2025-03-11,S&P 500,5572.06982421875,-0.007567865323653167
2025-03-12,S&P 500,5599.2998046875,0.004886869929446425
2025-03-13,S&P 500,5521.52001953125,-0.013890984206835322
2025-03-14,S&P 500,5638.93994140625,0.021265869083087807
2025-03-17,S&P 500,5675.1201171875,0.006416130719105961
2025-03-18,S&P 500,5614.66015625,-0.010653512117636543
2025-03-19,S&P 500,5675.2900390625,0.010798495567894584
2025-03-20,S&P 500,5662.89013671875,-0.0021848931523151816
2025-03-21,S&P 500,5667.56005859375,0.0008246534476661349
2025-03-24,S&P 500,5767.56982421875,0.017646000146633645
2025-03-25,S&P 500,5776.64990234375,0.0015743334544251475
2025-03-26,S&P 500,5712.2001953125,-0.011156934922627149
2025-03-27,S&P 500,5693.31005859375,-0.003306980860763864
2025-03-28,S&P 500,5580.93994140625,-0.01973722070834405
2025-03-31,S&P 500,5611.85009765625,0.005538521570653376
2025-04-01,S&P 500,5633.06982421875,0.0037812354559083605
2025-04-02,S&P 500,5670.97021484375,0.006728194715792668
2025-04-03,S&P 500,5396.52001953125,-0.04839563335990149
2025-04-04,S&P 500,5074.080078125,-0.05974960534553109
2025-04-07,S&P 500,5062.25,-0.0023314724921273955
2025-04-08,S&P 500,4982.77001953125,-0.015700524562941354
2025-04-09,S&P 500,5456.89990234375,0.09515387644904849
2025-04-10,S&P 500,5268.0498046875,-0.03460757958472693
2025-04-11,S&P 500,5363.35986328125,0.018092095201708958
2025-04-14,S&P 500,5405.97021484375,0.007944712390868913
2025-04-15,S&P 500,5396.6298828125,-0.0017277808903947145
2025-04-16,S&P 500,5275.7001953125,-0.0224083715440897
2025-04-17,S&P 500,5282.7001953125,0.0013268380955802073
2025-04-21,S&P 500,5158.2001953125,-0.023567493023827546
2025-04-22,S&P 500,5287.759765625,0.025117204723895226
2025-04-23,S&P 500,5375.85986328125,0.01666113847096007
2025-04-24,S&P 500,5484.77001953125,0.020259113708281262
2025-04-25,S&P 500,5525.2099609375,0.007373133469998461
2025-04-28,S&P 500,5528.75,0.0006407067039131409
2025-04-29,S&P 500,5560.830078125,0.005802410694099036
2025-04-30,S&P 500,5569.06005859375,0.00147999135976562
2025-05-01,S&P 500,5604.14013671875,0.006299102138585644
2025-05-02,S&P 500,5686.669921875,0.01472657412963474
2025-05-05,S&P 500,5650.3798828125,-0.006381597588933863
2025-05-06,S&P 500,5606.91015625,-0.007693239651855532
2025-05-07,S&P 500,5631.27978515625,0.00434635623313584
2025-05-08,S&P 500,5663.93994140625,0.005799775094835535
2025-05-09,S&P 500,5659.91015625,-0.0007114809122162891
2025-05-12,S&P 500,5844.18994140625,0.032558782749008364
2025-05-13,S&P 500,5886.5498046875,0.0072482009835321826
2025-05-14,S&P 500,5892.580078125,0.001024415597859818
2025-05-15,S&P 500,5916.93017578125,0.004132332074135769
2025-05-16,S&P 500,5958.3798828125,0.007005272294898557
2025-05-19,S&P 500,5963.60009765625,0.0008761131291423752
2025-05-20,S&P 500,5940.4599609375,-0.0038802294486252054
2025-05-21,S&P 500,5844.60986328125,-0.01613513066101424
2025-05-22,S&P 500,5842.009765625,-0.00044487103794299543
2025-05-23,S&P 500,5802.81982421875,-0.006708297825321674
2025-05-27,S&P 500,5921.5400390625,0.0204590558452733
2025-05-28,S&P 500,5888.5498046875,-0.005571225417268844
2025-05-29,S&P 500,5912.169921875,0.004011194261904327
2025-05-30,S&P 500,5911.68994140625,-8.118516130162234e-05
2025-06-02,S&P 500,5935.93994140625,0.0041020419271569075
2025-06-03,S&P 500,5970.3701171875,0.005800290454605506
2025-06-04,S&P 500,5970.81005859375,7.36874595066439e-05
2025-06-05,S&P 500,5939.2998046875,-0.005277383403094138
2025-06-06,S&P 500,6000.35986328125,0.010280683010067904
2025-06-09,S&P 500,6005.8798828125,0.0009199480792858594
2025-06-10,S&P 500,6038.81005859375,0.00548298940767844
2025-06-11,S&P 500,6022.240234375,-0.002743888954607865
2025-06-12,S&P 500,6045.259765625,0.0038224199557175265
2025-06-13,S&P 500,5976.97021484375,-0.011296379879250695
2025-06-16,S&P 500,6033.10986328125,0.009392659896159117
2025-06-17,S&P 500,5982.72021484375,-0.008352184790166306
2025-06-18,S&P 500,5980.8701171875,-0.0003092402101070313
2025-06-20,S&P 500,5967.83984375,-0.002178658486505891
2025-06-23,S&P 500,6025.169921875,0.009606504133156335
2025-06-24,S&P 500,6092.18017578125,0.01112172017970181
2025-06-25,S&P 500,6092.16015625,-3.2861029504172024e-06
2025-06-26,S&P 500,6141.02001953125,0.008020121275230219
2025-06-27,S&P 500,6173.06982421875,0.005218970885222163
2025-06-30,S&P 500,6204.9501953125,0.005164427424532603
2025-07-01,S&P 500,6198.009765625,-0.001118531087121899
2025-07-02,S&P 500,6227.419921875,0.004745096791088033
2025-07-03,S&P 500,6279.35009765625,0.008338955206607324
2025-07-07,S&P 500,6229.97998046875,-0.007862297279128794
2025-07-08,S&P 500,6225.52001953125,-0.0007158868810946961
2025-07-09,S&P 500,6263.259765625,0.0060621034026635545
2025-07-10,S&P 500,6280.4599609375,0.0027462050044453346
2025-07-11,S&P 500,6259.75,-0.0032975229626984737
2025-07-14,S&P 500,6268.56005859375,0.001407413809457303
2025-07-15,S&P 500,6243.759765625,-0.003956298214731202
2025-07-16,S&P 500,6263.7001953125,0.003193657417327689
2024-07-17,,227.22999572753906,
2024-07-18,,225.77999877929688,-0.006381186355259194
2024-07-19,,221.72999572753906,-0.017937829186174925
2024-07-22,,221.8000030517578,0.00031573231212611574
2024-07-23,,222.5800018310547,0.003516676143213937
2024-07-24,,221.8000030517578,-0.0035043524704835294
2024-07-25,,218.3300018310547,-0.01564473026582147
2024-07-26,,220.6300048828125,0.010534525866662925
2024-07-29,,220.32000732421875,-0.0014050562105476505
2024-07-30,,222.52000427246094,0.009985461488319247
2024-07-31,,226.5500030517578,0.018110725786084414
2024-08-01,,225.77000427246094,-0.003442943141866439
2024-08-02,,225.33999633789062,-0.0019046282784819235
2024-08-05,,222.47999572753906,-0.012691935106198704
2024-08-06,,220.6999969482422,-0.008000713832612472
2024-08-07,,220.5500030517578,-0.0006796279952806517
2024-08-08,,224.00999450683594,0.015688013635013043
2024-08-09,,224.55999755859375,0.0024552612171107047
2024-08-12,,228.41000366210938,0.017144665770273848
2024-08-13,,228.05999755859375,-0.001532358906807807
2024-08-14,,226.1999969482422,-0.008155751250824572
2024-08-15,,226.91000366210938,0.0031388449312386157
2024-08-16,,231.99000549316406,0.02238773852658915
2024-08-19,,231.61000061035156,-0.0016380226467286318
2024-08-20,,232.4600067138672,0.0036699887797402297
2024-08-21,,232.14999389648438,-0.0013336178629832496
2024-08-22,,229.3699951171875,-0.011975011209935604
2024-08-23,,232.02000427246094,0.011553425520716143
2024-08-26,,232.75999450683594,0.0031893380775307456
2024-08-27,,233.38999938964844,0.002706671669018279
2024-08-28,,231.75,-0.007026862307456638
2024-08-29,,232.9499969482422,0.005177980359189593
2024-08-30,,231.2899932861328,-0.0071260085162319076
2024-09-03,,230.2899932861328,-0.0043235765879541255
2024-09-04,,230.42999267578125,0.000607926500195255
2024-09-05,,232.35000610351562,0.008332306942507639
2024-09-06,,230.6300048828125,-0.007402630408956501
2024-09-09,,231.60000610351562,0.004205876079289794
2024-09-10,,232.6199951171875,0.004404097525005923
2024-09-11,,232.25,-0.001590555949419148
2024-09-12,,236.3300018310547,0.017567284525531468
2024-09-13,,238.67999267578125,0.009943683944142245
2024-09-16,,238.66000366210938,-8.374817448153493e-05
2024-09-17,,237.33999633789062,-0.0055309113549146804
2024-09-18,,235.50999450683594,-0.007710465405288858
2024-09-19,,239.1699981689453,0.01554075728197235
2024-09-20,,242.2100067138672,0.012710660066880486
2024-09-23,,242.67999267578125,0.0019404068737312041
2024-09-24,,246.07000732421875,0.01396907347432852
2024-09-25,,245.72999572753906,-0.001381767735031958
2024-09-26,,246.97999572753906,0.005086884066794806
2024-09-27,,245.02000427246094,-0.007935830791900744
2024-09-30,,243.05999755859375,-0.007999374253898295
2024-10-01,,245.61000061035156,0.010491249392624136
2024-10-02,,245.66000366210938,0.00020358719772617384
2024-10-03,,245.49000549316406,-0.0006920058878576718
2024-10-04,,245.0,-0.001996030315693287
2024-10-07,,244.1699981689453,-0.0033877625757333663
2024-10-08,,242.3699951171875,-0.007371925565205384
2024-10-09,,241.0500030517578,-0.005446185963701722
2024-10-10,,242.82000732421875,0.007342892553628744
2024-10-11,,245.47000122070312,0.010913408354139564
2024-10-14,,245.07000732421875,-0.001629502157067031
2024-10-15,,245.9199981689453,0.003468359323146597
2024-10-16,,247.14999389648438,0.005001609209081437
2024-10-17,,248.6300048828125,0.00598831083503093
2024-10-18,,251.27000427246094,0.010618185005034864
2024-10-21,,251.22000122070312,-0.00019900127714245208
2024-10-22,,253.92999267578125,0.01078732362833379
2024-10-23,,250.8699951171875,-0.012050555849465017
2024-10-24,,252.8000030517578,0.007693259346016168
2024-10-25,,253.32000732421875,0.0020569789010425055
2024-10-28,,253.3300018310547,3.945407605776552e-05
2024-10-29,,256.0899963378906,0.010894858433216914
2024-10-30,,257.5,0.005505891218995584
2024-10-31,,253.50999450683594,-0.015495166963743978
2024-11-01,,252.47000122070312,-0.0041023758773532926
2024-11-04,,252.8300018310547,0.0014259144001700363
2024-11-05,,253.39999389648438,0.002254447895034817
2024-11-06,,245.6999969482422,-0.030386729020158154
2024-11-07,,249.64999389648438,0.016076503855530166
2024-11-08,,247.9600067138672,-0.006769426092267161
2024-11-11,,242.13999938964844,-0.02347155656813127
2024-11-12,,240.0500030517578,-0.008631355179477884
2024-11-13,,237.6300048828125,-0.010081225320474285
2024-11-14,,237.00999450683594,-0.0026091417886487944
2024-11-15,,236.58999633789062,-0.0017720694429753658
2024-11-18,,241.08999633789062,0.019020246289590537
2024-11-19,,243.25,0.008959325127211537
2024-11-20,,244.6199951171875,0.005632045702723465
2024-11-21,,246.66000366210938,0.008339500390982302
2024-11-22,,249.83999633789062,0.012892210445830665
2024-11-25,,242.47999572753906,-0.029458856541118794
2024-11-26,,242.9499969482422,0.0019383092584315254
2024-11-27,,243.49000549316406,0.002222714763140843
2024-11-29,,245.58999633789062,0.008624546377060671
2024-12-02,,243.44000244140625,-0.008754403389975018
2024-12-03,,243.92999267578125,0.002012776164397767
2024-12-04,,244.6699981689453,0.003033679807253664
2024-12-05,,242.86000061035156,-0.007397709454119217
2024-12-06,,242.9499969482422,0.0003705687954560499
2024-12-09,,245.36000061035156,0.009919751769426055
2024-12-10,,248.58999633789062,0.01316431251835759
2024-12-11,,250.9600067138672,0.009533812345188464
2024-12-12,,247.27999877929688,-0.014663722649505995
2024-12-13,,244.2899932861328,-0.012091578404740733
2024-12-16,,244.8800048828125,0.002415209844427002
2024-12-17,,243.94000244140625,-0.0038386247250202787
2024-12-18,,239.25999450683594,-0.01918507783771317
2024-12-19,,239.60000610351562,0.0014210967336203417
2024-12-20,,242.10000610351562,0.010434056495473909
2024-12-23,,240.9600067138672,-0.004708795377563968
2024-12-24,,241.44000244140625,0.001992014086009908
2024-12-26,,243.07000732421875,0.006751179863859091
2024-12-27,,241.39999389648438,-0.0068705038771271765
2024-12-30,,240.6300048828125,-0.0031896811646235923
2024-12-31,,242.1300048828125,0.006233636577161361
2025-01-02,,245.4199981689453,0.013587714119632333
2025-01-03,,243.49000549316406,-0.007864039973028869
2025-01-06,,243.19000244140625,-0.0012320959587239777
2025-01-07,,244.55999755859375,0.005633435188264313
2025-01-08,,245.86000061035156,0.005315681488123669
2025-01-10,,248.2100067138672,0.009558310004399662
2025-01-13,,245.74000549316406,-0.009951255605703757
2025-01-14,,247.02999877929688,0.005249423200524461
2025-01-15,,248.8800048828125,0.007488993695735191
2025-01-16,,250.60000610351562,0.006910965874952435
2025-01-17,,249.27000427246094,-0.005307269747253374
2025-01-21,,253.1300048828125,0.01548521901629396
2025-01-22,,254.42999267578125,0.005135652699768123
2025-01-23,,254.07000732421875,-0.0014148699521492336
2025-01-24,,255.64999389648438,0.006218705580030903
2025-01-27,,252.99000549316406,-0.0104048052682425
2025-01-28,,255.17999267578125,0.008656417783572623
2025-01-29,,254.1999969482422,-0.0038404097330004827
2025-01-30,,258.04998779296875,0.01514551884715587
2025-01-31,,258.55999755859375,0.0019763991077348386
2025-02-03,,259.94000244140625,0.005337271410283728
2025-02-04,,262.5,0.00984841707528572
2025-02-05,,264.1300048828125,0.006209542410714253
2025-02-06,,263.42999267578125,-0.0026502562908058414
2025-02-07,,263.8999938964844,0.0017841598670260694
2025-02-10,,268.3699951171875,0.016938239196991
2025-02-11,,267.3900146484375,-0.0036516022155236305
2025-02-12,,267.6700134277344,0.0010471549570203464
2025-02-13,,270.30999755859375,0.009862831092105617
2025-02-14,,266.2900085449219,-0.014871773334245608
2025-02-18,,270.70001220703125,0.01656090548123368
2025-02-19,,270.8500061035156,0.000554096378723612
2025-02-20,,270.989990234375,0.0005168326664386491
2025-02-21,,270.739990234375,-0.0009225433005247696
2025-02-24,,272.2099914550781,0.005429568123388684
2025-02-25,,268.6199951171875,-0.013188334192659745
2025-02-26,,269.0299987792969,0.0015263333689308212
2025-02-27,,264.92999267578125,-0.015239958822878874
2025-02-28,,263.2699890136719,-0.006265820058134697
2025-03-03,,266.739990234375,0.013180390342641513
2025-03-04,,269.05999755859375,0.008697635934455272
2025-03-05,,269.6199951171875,0.0020813110966888537
2025-03-06,,268.25,-0.005081207410422395
2025-03-07,,268.3900146484375,0.0005219558189655249
2025-03-10,,266.0400085449219,-0.008755937163287819
2025-03-11,,269.1600036621094,0.011727541035094546
2025-03-12,,270.3299865722656,0.004346793335703092
2025-03-13,,275.1300048828125,0.017756144523255468
2025-03-14,,275.239990234375,0.00039975774946587883
2025-03-17,,276.7300109863281,0.0054135329342379634
2025-03-18,,279.9599914550781,0.011671955843306048
2025-03-19,,281.1099853515625,0.004107707999658539
2025-03-20,,280.75,-0.0012805854303336028
2025-03-21,,278.489990234375,-0.008049901213267985
2025-03-24,,277.25,-0.004452548665506595
2025-03-25,,278.4700012207031,0.004400365088198743
2025-03-26,,278.239990234375,-0.0008259812019960622
2025-03-27,,281.9700012207031,0.013405732882559862
2025-03-28,,284.05999755859375,0.007412123023167849
2025-03-31,,288.1400146484375,0.014363222998346137
2025-04-01,,287.57000732421875,-0.0019782303576065807
2025-04-02,,288.1600036621094,0.0020516615880092903
2025-04-03,,286.4200134277344,-0.006038278082531101
2025-04-04,,279.7200012207031,-0.02339226273628292
2025-04-07,,273.7099914550781,-0.02148580630415131
2025-04-08,,275.20001220703125,0.005443793790763651
2025-04-09,,285.3800048828125,0.03699125081478161
2025-04-10,,292.3500061035156,0.0244235794430141
2025-04-11,,297.92999267578125,0.019086664805096243
2025-04-14,,296.2300109863281,-0.005705977012200658
2025-04-15,,297.7799987792969,0.005232379352138938
2025-04-16,,307.4700012207031,0.0325408102664011
2025-04-17,,306.1199951171875,-0.004390692094044635
2025-04-21,,315.5899963378906,0.03093558529908469
2025-04-22,,311.1099853515625,-0.014195668551963636
2025-04-23,,303.6499938964844,-0.023978630729734163
2025-04-24,,308.07000732421875,0.014556277018207942
2025-04-25,,304.7300109863281,-0.010841679678267213
2025-04-28,,309.07000732421875,0.01424210344049559
2025-04-29,,306.05999755859375,-0.009738925467677184
2025-04-30,,303.7699890136719,-0.007482221012837353
2025-05-01,,297.4599914550781,-0.02077228754256477
2025-05-02,,297.9800109863281,0.0017481999132260562
2025-05-05,,306.8800048828125,0.029867754776654154
2025-05-06,,315.4800109863281,0.02802400275899264
2025-05-07,,310.75,-0.014993060801348546
2025-05-08,,304.6300048828125,-0.0196942722998793
2025-05-09,,306.8399963378906,0.007254674259445482
2025-05-12,,298.19000244140625,-0.028190568373488878
2025-05-13,,299.4599914550781,0.004258992599597278
2025-05-14,,293.1600036621094,-0.021037827999516923
2025-05-15,,297.8399963378906,0.015963953531585195
2025-05-16,,294.239990234375,-0.012087047232674286
2025-05-19,,298.0299987792969,0.012880671121226372
2025-05-20,,303.5799865722656,0.0186222454642182
2025-05-21,,305.82000732421875,0.007378683875855163
2025-05-22,,303.1099853515625,-0.008861493387459118
2025-05-23,,309.75,0.021906288045034472
2025-05-27,,304.5,-0.016949152542372836
2025-05-28,,303.80999755859375,-0.0022660178699712707
2025-05-29,,305.6099853515625,0.0059247154716217665
2025-05-30,,303.6000061035156,-0.006576942326457891
2025-06-02,,311.6700134277344,0.026581051258171673
2025-06-03,,308.9100036621094,-0.008855551213511115
2025-06-04,,310.8999938964844,0.006441974072654677
2025-06-05,,309.3299865722656,-0.00504987891618125
2025-06-06,,305.17999267578125,-0.013416073696802311
2025-06-09,,306.6199951171875,0.004718534884218695
2025-06-10,,306.7099914550781,0.000293510988597534
2025-06-11,,308.3699951171875,0.005412290790508978
2025-06-12,,312.20001220703125,0.0124202002480438
2025-06-13,,316.2900085449219,0.013100564311248064
2025-06-16,,311.7799987792969,-0.01425909653729851
2025-06-17,,311.94000244140625,0.0005131941200071655
2025-06-18,,310.260009765625,-0.005385627565021256
2025-06-20,,310.1300048828125,-0.00041901914110908933
2025-06-23,,311.0799865722656,0.0030631724583116693
2025-06-24,,306.19000244140625,-0.015719378751237634
2025-06-25,,307.1199951171875,0.003037305817845004
2025-06-26,,306.7799987792969,-0.0011070472235482631
2025-06-27,,301.2200012207031,-0.018123728993798327
2025-06-30,,304.8299865722656,0.01198454729743359
2025-07-01,,307.54998779296875,0.008923010663382636
2025-07-02,,309.25,0.005527596405484614
2025-07-03,,307.1400146484375,-0.006822911403597365
2025-07-07,,307.3699951171875,0.000748780548875283
2025-07-08,,304.1600036621094,-0.010443411868664265
2025-07-09,,305.5199890136719,0.004471282664348264
2025-07-10,,306.20001220703125,0.0022257895319868215
2025-07-11,,309.1400146484375,0.009601575193336043
2025-07-14,,308.010009765625,-0.0036553174266280575
2025-07-15,,306.7300109863281,-0.004155705135267751
2025-07-16,,308.260009765625,0.004988096125243757
2025-07-17,,307.2900085449219,-0.0031466982092183127
